,1st familiar fit error,2nd familiar fit error,novel fit error
(),1.6406611439020071,1.7851818397107153,1.4920007572981484
