,1st familiar fit error,2nd familiar fit error,novel fit error
(),0.18239089946009487,0.1772073339271725,0.20412708803800944
