,1st familiar fit error,2nd familiar fit error,novel fit error
(),0.36759483765863804,0.3468639944446255,0.32641828224822217
