,1st familiar fit error,2nd familiar fit error,novel fit error
(),10489652094.313164,13675374249.479736,4.683395378128417e+16
