,1st familiar fit error,2nd familiar fit error,novel fit error
(),0.6950981397535935,0.36702261096871824,0.41165143845350805
