,1st familiar fit error,2nd familiar fit error,novel fit error
(),0.7729051142114457,0.9082333070238365,0.45032443506267955
