,1st familiar fit error,2nd familiar fit error,novel fit error
(),0.06371902689076682,0.06502604637725225,0.058032226351712596
