,1st familiar fit error,2nd familiar fit error,novel fit error
"(('sigma', 10),)",0.12328766631501259,0.12338025581687596,0.10758984796605618
"(('sigma', 20),)",0.12449016740097141,0.12615942396007288,0.11058171392975452
