,1st familiar fit error,2nd familiar fit error,novel fit error
(),0.15876985360529525,0.1419451818642603,0.18722784139153614
