,1st familiar fit error,2nd familiar fit error,novel fit error
"(('baseline_I_ext_E', -0.1),)",0.392106170197737,0.389904249746375,0.3770988365038027
"(('baseline_I_ext_E', 0),)",0.39704738424137326,0.38970515923904786,0.40289196947987493
"(('baseline_I_ext_E', 0.1),)",0.39609437079631826,0.3829154264029666,0.39399036144065674
