,1st familiar fit error,2nd familiar fit error,novel fit error
(),0.34318837858079715,0.5476054065865003,0.48844910916997647
