,1st familiar fit error,2nd familiar fit error,novel fit error
"(('baseline_I_ext_E', 24.9),)",1.736326054870626,1.6142677138630845,1.6564311554611177
"(('baseline_I_ext_E', 25),)",1.7718085156404006,1.6333416174238715,1.724208140264208
"(('baseline_I_ext_E', 25.1),)",1.6930622267346047,1.474618458552711,1.6800789537103467
